index,event_id,Final_Goal_Test
0,0, in 
2,1, unveiled on 
4,2, in 
6,3, conciding with 
8,4, replacing 
10,5, has been 
12,6, attack 
14,7, assassinated by 
16,8, takeover 
18,9, excutes 
20,10, claims responsibilty for 
22,11, heard at 
24,12, warns 
26,13,place
27,13,in
29,14, designates 
31,15, preparing for 
33,16, off 
35,17, killed in 
37,18, bombed in 
39,19, releases 
41,20, attacked 
43,21, defending 
45,22, suspended for 
47,23, based in 
49,24, killed from 
51,25, on 
53,26, announces 
55,27, begin 
57,28, defeated 
59,29,named
60,29,of
62,30,confirms
63,30,of
65,31, replacing 
67,32, receives 
69,33, with 
71,34, break out in 
73,35, killed by 
75,36, continue to besiege 
77,37, threatens to destroy 
79,38, resulting in 
81,39, likely to produce 
83,40, will not  interfere with 
85,41, reorganized into 
87,42, expelled from 
89,43, signed by 
91,44, suspend 
93,45, continues 
95,46, dismantled 
97,47, becomes 
99,48, unsuccessfully applied for 
101,49, cease 
103,50, seals off 
105,51, charged with 
107,52, elected to Hall of Fame by 
109,53, killed after 
111,54, open 
113,55, never ratified by 
115,56, dead 
117,57, announces 
119,58, suspended on 
121,59, struck 
123,60, resume 
125,61, bans 
127,62, found in 
129,63, inverstigating 
131,64, injured in 
133,65, shoots 
135,66, in 
137,67, relieved his duties
138,68, recaptures escaped 
140,69, charged with 
142,70, shot dead by 
144,71, shelled by 
146,72, imprisoned by 
148,73, evaculate in under 
150,74, in 
152,75, arrested in 
154,76, dies in 
156,77, kill 
158,78, located in 
160,79, recaptured 
162,80, wins 
164,81, dies from 
166,82, approaches 
168,83, plunges into 
170,84, near 
172,85, makes 
174,86, made by 
176,87, charged with 
178,88, published by 
180,89, plans to secede from 
182,90, appeal 
184,91, killed in 
186,92, destroys 
188,93, collapsing 
190,94, warn 
192,95, resigns after receiving 
194,96, wins 
196,97, banned from playing in 
198,98, to win 
200,99, arrested in 
202,100, backed by 
204,101, kill 
206,102, discovered in 
208,103, in United Kingdom go on 
210,104, becomes 
212,105, in 
214,106, near 
216,107, for 
218,108, removed 
220,109, allegedly entered 
222,110, on 
224,111, jailed for 
226,112, appears in 
229,113,and
230,113,unsupported by
232,114, approved for 
234,115, explodes near 
236,116, fire 
238,117, attack 
240,118, as 
242,119, registered with 
244,120, sold in 
246,121, close in 
248,122, begins 
250,123, kills 
252,124, has interrogated 
254,125, no longer welcome in 
256,126, between 
258,127, suspect 
260,128, hit by 
262,129, shooting and killing 
264,130, announced for 
266,131, unilateral decision to allow 
268,132, dies at 
270,133, becomes first hurricane to form in 
272,134, reorganizes 
274,135, Virus outbreak in 
276,136, of China develop 
278,137, of 
280,138, announce 
282,139, armed with 
284,140, identified 
286,141, overrun 
288,142, confirms 
290,143, celebrates 
292,144, buys 
294,145, carrying 
296,146, heads towards 
298,147, in 
300,148, searching for 
302,149, asks for 
304,150, issued for 
306,151, critically ill in 
308,152, warns 
310,153, in 
312,154, appears in 
314,155, against 
316,156, banned from 
318,157, against 
320,158, against 
322,159, under 
324,160, use tear 
326,161, found in 
328,162,  have been 
330,163, in 
332,164, in 
334,165, in 
336,166, in 
338,167, releases 
340,168, complied with 
342,169, deploy 
344,170, detained at 
346,171, finishes with 
348,172, rises to 
350,173, kills atleast thirteen people
352,174, abduct 
354,175, killed by 
356,176, leaves 
358,177, in 
360,178, imposes 
362,179, visit 
364,180, imposed on 
366,181, betting 
368,182, near Kiev
369,183, in 
371,184, in 
373,185, arising from 
375,186, resign afrer 
377,187, at 
379,188,At least five French Foreign Legion soliders killed in avalanche 
381,189, linked to 
383,190, killed 
385,191, banning 
387,192, signed by 
389,193, killed after 
391,194, killed in 
393,195, releases 
395,196, lifts a three year ban on 
397,197, of 
399,198, damaged by 
401,199, left 
403,200, agrees to hear 
405,201, endorses Republican Party presendential candidate Donald Trump
407,202, prime with 
409,203, investigating 
411,204, attack 
413,205, in 
415,206, reveal 
417,207,Kyrgzstans parliament revokes 
419,208, approves 
421,209, was 
423,210, at 
425,211, in 
427,212, shaved 
429,213, in 
431,214, call for 
433,215, appears befor 
435,216, for 
437,217, personally approved 
439,218, convenes in 
441,219, at 
443,220, running 
445,221, brace for 
447,222, and killed 
449,223, resigns as 
451,224, leaves 
453,225, kill 
455,226, predicted to generate 
457,227, living in 
459,228, considering 
461,229, angers 
463,230, reflown in 
465,231, in 
467,232,in
468,232,and
470,233, on 
472,234, elected 
474,235, wins 
476,236, win 
478,237, kill 
480,238, kills 
482,239, shut off 
484,240, killed in 
486,241, rises to 
488,242, dies at 
490,243, in 
492,244, spread in 
494,245, faces 
496,246, ruled in 
498,247, a grand jury cleared 
500,248, arrested during 
502,249, backed by  
504,250, kills 
506,251, go on 
508,252, rises to 
510,253, find 
512,254, find 
514,255, cleared of 
516,256, is under 
518,257, arrest 
520,258, in 
522,259, at 
524,260, defeated in 
526,261,Suicide bomber blow 
528,262,of
530,262,expected to close on
532,263, rises to 
534,264, reported in 
536,265, needed regarding 
538,266, young Iranians currently awaiting 
540,267, elected 
542,268, resigns as 
544,269, reelects 
546,270, powered by 
548,271, governing 
550,272, killed in 
552,273, sinks off 
554,274, tackle 
556,275, visits 
558,276,disallowing about 
559,276,of
561,277, welcomes 
563,278, against 
565,279, in 
567,280, in 
569,281, in 
571,282, launches 
573,283, adopts 
575,284, announces split into 
577,285, gathers 
579,286, knocking out 
581,287, kills 
583,288, alert over 
585,289, in 
587,290, on 
589,291, renamed to 
591,292, called 
594,293,of
595,293,via
597,294, expected to make landfall as 
599,295, dies in 
601,296, sinks between 
603,297, infected with 
605,298, spied on 
607,299, violated 
609,300, missing from 
611,301, escaped from 
613,302, in 
615,303, in 
617,304, first 
619,305, makes 
621,306, on 
623,307, in 
625,308, against 
627,309, on 
629,310, collides with 
631,311, injured in 
633,312, kills 
635,313, deploy two MIM104 Patriot surfaceoair missile Interceptor systems
637,314, defeats 
639,315, killed in 
641,316, in 
643,317, in 
645,318,declares
646,318,of
648,319,of
649,319,still needs
651,320, arrest 
653,321, sentenced to 
655,322, meets with 
657,323, in 
659,324, does not see 
661,325, for 
663,326,of
664,326,declares
665,326,of
667,327, suspending 
669,328, in 
671,329, continue until 
673,330,and
674,330,break
676,331, owned 
678,332, operated 
680,333, alert to shoot down 
682,334, wanted for 
684,335, suspends 
686,336, in 
688,337, in 
690,338, announces 
692,339,of
693,339,declares
695,340, on 
697,341, including  
699,342, of 
701,343, of 
703,344, in 
705,345, in 
707,346, suspected of having   
709,347, lifts 
711,348,and
712,348,capture
713,348,of
715,349, in 
717,350,captured
718,350,of
720,351,between
721,351,and
723,352, of 
725,353, of 
727,354, collapses in 
729,355, erupts prompting 
731,356, die in 
733,357, in 
735,358, in 
737,359,declares
738,359,of
740,360, at 
742,361, removed as 
744,362, in 
746,363, freed 
748,364, backed by 
750,365, in 
752,366, gives 
754,367, toppled 
756,368, killed in 
758,369, in 
760,370, brings 
762,371, trained in 
764,372, closed down 
766,373, on 
768,374, rally against 
770,375, quarterback 
772,376, from 
774,377, in 
776,378, at 
778,379, led by 
780,380, outside 
782,381, outside 
784,382, for 
786,383, Carnival celebrations over 
788,384, consides 
790,385, defeat 
792,386, in 
794,387, accuse 
796,388, fired from 
798,389, strikes 
800,390, rises 
802,391, set to 
804,392, die in 
806,393,declares
807,393,of
809,394, in 
811,395, go up near 
813,396, on banning 
815,397, released 
817,398, breaching 
819,399, retire from 
821,400, in 
823,401, sends  
825,402, recapture 
827,403, continue 
829,404, in 
831,405, buried in 
833,406, struck 
835,407, close down 
837,408, goes into 
839,409, agrees to return 
841,410, dubs as 
843,411, in 
845,412, killed in 
847,413, in 
849,414, in 
851,415, warns against 
852,415,a routine training flight crashes into a house
853,416,a routine training fight crashes into 
854,416,A pregnant Australian woman positive for Zika virus
855,417,A pregnant Austrailian woman positive for 
857,418, in 
859,419, consider to be 
861,420, in 
863,421, executes 
865,422, without 
866,422,New Jersey Governor Chris Christie suspends his compaign
867,423,New Jersey Governer Chris Christie suspends his compaign
869,424, considers 
871,425, announces 
873,426, approves 
875,427, at 
877,428, attack 
879,429, in 
881,430, killed in 
883,431, in 
885,432, rises to 
887,433, temporarily 
889,434, in 
891,435, in 
893,436, withdrawing 
894,436,All four remaining occupiers leave refuge and surrender
895,437,All four remaining leave 
897,438, killed in 
899,439, elected 
900,439,JosAc Ignacio Peralta sworn in Colima
901,440,JosAc Ignacio sworn in 
903,441, elected as 
905,442, reshuffles 
907,443, demanding 
909,444, announces 
911,445, terminate 
913,446, on 
915,447, shot down 
917,448, killed in 
918,448,Evgeny Lebedev owner of British national newspaper
919,449,Evheny Lebedev owner of 
921,450, in 
923,451, fourth highest risk factor for 
925,452, agreed to 
927,453, in 
929,454, plotting 
931,455, in 
933,456, of doctors protest against 
935,457, representing 
937,458, appoints 
938,458,Jim Gilmore suspends his campaign
939,459, suspends his compaign
941,460, confirms 
943,461, killed by 
945,462, linked to 
947,463, in 
949,464, in 
951,465, hits 
953,466, in 
955,467, in Oklahoma
957,468, to sell 
959,469, replacing 
961,470, dies at 
963,471, reached 
965,472, intercept 
967,473, shot 
969,474, wins 
971,475, in 
973,476, continues in 
975,477,  near 
977,478, rises to 
979,479, in 
981,480, clamping down 
983,481, in 
985,482, elected as 
987,483, held in 
989,484, imposes 
991,485, kills 
993,486, shelling from 
995,487, wins 
997,488, killed on 
999,489, in 
1001,490, die after 
1003,491, bans 
1005,492, applies to join 
1007,493, in 
1009,494, admiited guilty in 
1011,495, in 
1013,496, counting 
1015,497, freed by 
1017,498, of 
1019,499, lost 
1021,500, permitted in 
1023,501, charged by 
1025,502, prompting 
1027,503, at 
1029,504, in 
1031,505, in 
1033,506, found alive in 
1035,507, in 
1037,508, increase 
1039,509, cut 
1041,510, escorted by 
1043,511, meets with 
1045,512, calls for 
1047,513, intercept 
1049,514, sues 
1051,515, for 
1053,516, appeal 
1055,517, passes 
1057,518, for 
1059,519, underneath 
1061,520, vying to unseat 
1063,521, pulled off 
1065,522, hits 
1067,523, occurs between 
1069,524, backed by 
1071,525, facing 
1073,526, killed in 
1075,527, addressing  
1077,528, planning 
1079,529, will visit Cuba
1081,530, blocks 
1083,531, drops 
1085,532, seized 
1087,533, carry out 
1089,534, kill 
1091,535, shot dead in 
1093,536, in  following heavy clashes
1095,537, dies at 
1097,538, dies at 
1099,539, created 
1101,540, reappointed 
1103,541, head towards 
1105,542, diagnosed in 
1107,543, selfbalancing 
1109,544, willing to accept 
1111,545, closes 
1113,546, agree on 
1115,547, resign in 
1117,548, hack 
1119,549, refused to comply 
1121,550, raid 
1123,551, twice disrupt 
1125,552, in 
1127,553, rescheduled 
1129,554, in 
1131,555, take 
1133,556, operated 
1135,557, at 
1137,558, activated in 
1139,559, in 
1141,560, shut down 
1143,561, give up 100 migrants
1145,562, in 
1147,563, in 
1149,564, replace 
1151,565, held in 
1153,566, claims 
1155,567,taken
1156,567,of
1158,568, in 
1160,569, hacked to 
1162,570, are dead after 
1164,571, closed 
1166,572,sending
1167,572,to
1169,573, reached with 
1171,574, protest outside 
1173,575, resulted in 
1175,576, popular with 
1177,577, calls for 
1179,578, go for presidential election
1181,579, in 
1184,581, campaigning for 
1186,582, resigns as 
1188,583, scheduled for 
1190,584, reject 
1192,585, kicks off in 
1194,586, wins 
1196,587, fighting 
1198,588, kills 
1200,589, assigns 
1202,590, remains in 
1204,591, to fly 
1206,592, dealing with 
1208,593, buying 
1210,594, broker 
1212,595,charged with
1213,595,of
1215,596, does not apply to 
1217,597, disqualify 
1219,598,obtain
1220,598,of
1222,599, fires 
1224,600, counting 
1226,601, threatened by 
1228,602, cut off 
1230,603, in 
1232,604, restored to 
1234,605, threaten 
1236,606, derails near 
1238,607, at 
1240,608, hits 
1242,609, near 
1244,610, investigating 
1246,611, bans 
1248,612, deploys 
1250,613, close 
1252,614, hold 
1254,615, struck 
1256,616, helping 
1258,617, attack 
1260,618, stormed by 
1262,619, ruled out 
1264,620, held at 
1266,621, in 
1268,622, in 
1270,623, in 
1272,624, hits 
1274,625, runs aground in 
1276,626, join 
1278,627, in 
1280,628, agree on 
1282,629, in 
1284,630, sentenced to 
1286,631, hold 
1288,632, holds 
1290,633, reduced from 
1292,634, of 
1294,635, attack  
1296,636, backed by 
1298,637, of 
1300,638, agrees to buy 
1302,639, accepted 
1304,640, lose 
1306,641, present 
1308,642, adopts 
1310,643, recalls 
1312,644, suspends 
1314,645, against 
1316,646, near 
1318,647, in 
1320,648, kill 
1322,649, storm 
1324,650, killed in 
1326,651, agrees to pay 
1328,652, in 
1330,653, in 
1332,654, not travelling to 
1334,655, killed in 
1336,656, jailed on 
1338,657, near 
1340,658, alerts 
1342,659, for 
1344,660, in 
1346,661, elected 
1348,662, unveils 
1350,663, meet in 
1352,664, on 
1354,665, kills 
1356,666, killed in 
1358,667, in 
1360,668, in 
1362,669, will not gain 
1364,670, participated in 
1366,671, ranging from 
1368,672, killed after 
1370,673, kill 
1372,674, kill 
1374,675, wins 
1376,676, died at 
1378,677, killed during 
1380,678, in 
1382,679, monitor 
1384,680, on 
1386,681, resigns as 
1388,682, in 
1390,683, lay off 
1392,684, evacuated after 
1394,685, use tear 
1396,686, hang 
1398,687, break out inside 
1400,688, in 
1402,689, quits 
1404,690, for 
1406,691, blown up in 
1408,692, captures 
1410,693, driving into 
1412,694, injured in 
1414,695, deployed on 
1416,696, in 
1418,697, comfirmed in 
1420,698, on 
1422,699, send 
1424,700, continues at 
1426,701, deployed up to 
1428,702, sexually abused by 
1430,703,slow progess in fighting 
1432,704, not to override 
1434,705, charged with organizing 
1436,706, in 
1438,707, rejected 
1440,708, aboard 
1442,709, revolutionized 
1444,710, play 
1446,711, on 
1448,712, stabbed 
1450,713, left 
1452,714, on 
1454,715, kills 
1456,716, agrees to pay 
1458,717, could collapse in 
1460,718, strikes 
1462,719, designates 
1464,720, adopts 
1466,721, in 
1468,722, in 
1470,723, hits 
1472,724, killed in 
1474,725, launched 
1476,726, admits for 
1478,727, against 
1480,728, delivers  
1482,729, assassinated in 
1484,730, in 
1486,731, begins for 
1488,732, breaks out in 
1490,733, use 
1492,734, freed by 
1494,735, in 
1496,736, explodes in 
1498,737, injured by 
1500,738,has seized
1501,738,of
1503,739, restored across 
1505,740, missing from 
1507,741, dispatches 
1509,742, agrees to suspend 
1511,743, wants 
1513,744, proposes 
1515,745, of 
1517,746, places 
1519,747, disenting 
1521,748, in 
1523,749, dissolves 
1525,750, suspends 
1527,751, suspends 
1529,752, releases 
1531,753, shoot 
1533,754,  linking 
1535,755, explodes on 
1537,756, impounds 
1539,757, tear 
1541,758, dressed in 
1543,759, expected to lose 
1545,760, retain 
1547,761, for 
1549,762, kills 
1551,763, hit mainly 
1553,764, dies at 
1555,765, killed following 
1557,766, drown in 
1559,767,awarded
1561,768, sentenced to 
1563,769, accuses 
1565,770, in 
1567,771, of 
1569,772, wins 
1571,773,between
1572,773,and
1574,774, hits 
1576,775, kills 
1578,776, persuing 
1580,777, pay 
1582,778,  shuts down 
1584,779, start 
1586,780, calls on 
1588,781, to 
1590,782, allowed to join 
1592,783,Ingleburn Industrail area in 
1594,784, for 
1596,785, found guilty of downloading 
1598,786, awarded  fiftyice million damages
1601,787, will not run for 
1603,788, published in 
1605,789, suspends 
1607,790, retires after 
1609,791, fired from 
1611,792, kill 
1613,793, killed in 
1615,794, is 
1617,795, cautions 
1619,796, placed by 
1621,797, imposes 
1623,798, in 
1625,799,  places 
1627,800, arrest 
1629,801, in 
1631,802, offers 
1633,803, reverses 
1635,804, reschedules 
1637,805, published in 
1639,806, attack 
1641,807, negotiator for 
1643,808, killed after collapses 
1645,809, in 
1647,810, assist 
1649,811, shut off 
1651,812, mounted on 
1653,813, will no longer let 
1656,814, wearing 
1657,815, killed in 
1659,816, participating in 
1661,817, charged with 
1663,818, occurs in 
1665,819, defeats 
1667,820,between
1668,820,and
1670,821, in 
1672,822, in 
1674,823, recalls 
1676,824, fires  
1678,825, found by 
1680,826, in 
1682,827,put forward to become
1683,827,of
1685,828, fails to elect 
1687,829, near 
1689,830, died in 
1691,831, removes 
1693,832, installed 
1695,833, acquires 
1697,834, attend 
1699,835, killed by 
1701,836, improve 
1703,837, on 
1705,838, declares Lebanonbased declares 
1707,839, from 
1709,840, in 
1711,841, uses to break down 
1713,842, announces 
1715,843, on 
1717,844, appoint 
1719,845, containing 
1721,846, killed in 
1723,847, targeting 
1725,848, kill 
1727,849, went down over 
1729,850, on  
1731,851, is in 
1733,852, kills 
1735,853, off 
1737,854, on 
1739,855, in 
1741,856, was talking at 
1743,857, against 
1745,858, sets 
1747,859, takes lead in a fivegame Go match
1749,860, occurs in 
1751,861, declares 
1753,862, shoutes 
1755,863, killing 
1757,864, collapses in 
1759,865, in 
1761,866, killed in 
1763,867, strikes 
1765,868, flying from 
1767,869, bans 
1769,870, deployed in 
1771,871, lost 
1773,872, prevented 
1775,874, detain 
1777,875, in 
1779,876, in 
1781,877, win over 
1783,878, win 
1785,879, for 
1787,880, were transported to 
1789,881, shot and killed by 
1791,882, killed in 
1793,883, fighter 
1795,884, start  of Russian Armed Forces
1797,885, put in 
1799,886, deprives 
1801,887, derails 
1803,888, carrying 
1805,889, attempted to interview 
1807,890, in 
1809,891, acknowledges 
1811,892, rounding out 
1813,893, hunt gunmen linked to 
1815,894, kill 
1817,895, will be canonized on 
1819,896, join 
1821,897, founded in 
1823,898, near 
1825,899, shut down for 
1827,900, damages 
1829,901, breaks out at 
1831,902, for 
1833,903, suspends 
1835,904, operating illegally within 
1837,905, passes 
1839,906, voting to change 
1841,907, release 
1843,908, selects 
1845,909, off 
1847,910, wins 
1849,911, caused by 
1851,912, detonates in 
1853,913, detonate 
1855,914,have detected
1856,914,of
1858,915, studying at 
1860,916, starting with 
1862,917, in 
1864,918, for 
1866,919, in 
1868,920, killed in 
1870,921,choose
1871,921,not
1873,922, nominates 
1875,923,release
1876,923,of
1877,924, release  of 
1880,925, in 
1882,926, has died in 
1884,927, shot dead in 
1886,928, of 
1888,929, is replacing 
1890,930, killed when travelling to 
1892,931, against 
1894,932, in 
1896,933, around 
1898,934, at 
1900,935, concedes 
1902,936, kill 
1904,937, fired 
1906,938, have contributed to 
1908,939, goes on trail
1909,940, alleged 
1911,941, missing after 
1913,942, are investigating 
1915,943, published 
1917,944, bring 
1919,945, travels to 
1921,946, resigns 
1923,947, occurs in 
1925,948, by 
1927,949, killed in 
1929,950, killed in 
1931,951, remain closed until 
1933,952, rescued by 
1935,953, accuses 
1937,954, conducted by 
1939,955, arrested from 
1941,956, faces 
1943,957, had clinched  France
1945,958, responsible for 
1947,959, dedicates 
1949,960, agrees to acquire 
1951,961,strikes off
1952,961,of
1954,962, shortly after 
1956,963, attempted 
1958,964, begins with 
1960,965, in 
1962,966, on 
1964,967, held in 
1966,968, begins in 
1968,969, held in 
1970,970, expected to extend 
1972,971, calls for 
1974,972, in 
1976,973, detonates 
1978,974, attack 
1980,975, have halted 
1982,976, launched 
1984,977, settles 
1986,978, finds 
1988,979, eliminate 
1990,980, will safely pass by 
1992,981, in 
1994,982, near 
1996,983, are investigating 
1998,984, cancels 
2000,985, of 
2002,986, agree to impose 
2004,987, leaves for 
2006,988, killing 
2008,989, postpones hearing at 
2010,990, written by 
2012,991, in 
2014,992,was first diagnosed in
2015,992,of
2017,993, will not resign under 
2019,994, killed in 
2021,995, evacuated from 
2023,996, wins 
2025,997, in 
2027,998, won 
2029,999, begins 
2031,1000, in 
2033,1001, recovered 
2035,1002, sentenced to  in 
2038,1003, against 
2040,1004, acquitted on 
2042,1005, upheld 
2044,1006, to retain 
2046,1007, reelected with  of vote
2048,1008, dies from 
2050,1009, stripped of 
2052,1010, arrested in 
2054,1011, rescued 
2056,1012, announces death
2057,1013, make 
2059,1014, killed in 
2061,1015, killed 
2063,1016, defended 
2065,1017, crashed with 
2067,1018, killed in 
2069,1019, in 
2071,1020, deploy 
2073,1021, in 
2075,1022, for 
2077,1023, performs in 
2079,1024, publishes 
2081,1025, lining up 
2083,1026, in 
2085,1027, confirms sexually transmitted 
2087,1028, extends 
2089,1029, finds 
2091,1030, in 
2093,1031, gather for 
2095,1032, takes  of 
2098,1033, kills 
2100,1034, against 
2102,1035,At least twelve Algerian Army soliders killed in 
2103,1035, killed in 
2104,1036, to work with 
2106,1037, at 
2108,1038, in  of 
2111,1039, release 
2113,1040, will launch 
2115,1041, by 
2117,1042, warns of 
2119,1043, cancels 
2121,1044, on 
2123,1045, traded 
2125,1046, decapitated in 
2127,1047, lift 
2129,1048, has found 
2131,1049, in 
2133,1050, revoke 
2135,1051, file against a new North Carolina law
2137,1052, in 
2139,1053, in 
2141,1054, include 
2143,1055,  banning 
2146,1056, will reopen at 
2148,1057, files 
2150,1058, cancels 
2152,1059, die in 
2154,1060, in 
2156,1061, in 
2158,1062, to expand 
2160,1063, in 
2162,1064, deal 
2164,1065, is demanding 
2166,1066,  in 
2169,1067, for 
2171,1068, jailed for 
2173,1069, declares  of 
2176,1070, pulls 
2178,1071, vote on 
2180,1072, no longer honor his pledge to support 
2182,1073, wounded in 
2184,1074, by 
2186,1075, reported in 
2188,1076, killed in 
2190,1077, agrees to buy 
2192,1078, reduces 
2194,1079, injured in 
2196,1080, associated with 
2198,1081, has relaxed 
2200,1082, born in 
2202,1083, to ban 
2204,1084, at upcoming 
2206,1085, for 
2208,1086, endroses 
2210,1087, sworn in by 
2212,1088, opposed 
2214,1089, arrives in 
2216,1090, positive for 
2218,1091, winning 
2220,1092, arrest 
2222,1093, in 
2224,1094, kills 
2226,1095, files 
2228,1096, led by 
2230,1097, collapses in 
2232,1098, getting 
2234,1099, is acquitted of 
2236,1100, to tranfer about 
2238,1101, dismisses malaysia Airlines bid
2240,1102, killed by 
2242,1103, elects 
2244,1104, failed to uphold 
2246,1105, is 
2248,1106, in 
2250,1107, resigns amid 
2252,1108, constantly facing 
2254,1109, file 
2256,1110, have killed 
2258,1111, has intensified in 
2260,1112, kills 
2262,1113, injured as 
2264,1114, in 
2266,1115, fires 
2268,1116, of 
2270,1117, on 
2272,1118, after 
2274,1119, has been found in 
2276,1120, on 
2278,1121, free 
2280,1122, kills 
2282,1123, in 
2284,1124, dies at 
2287,1125, ceases 
2289,1126, into 
2291,1127, plans to deploy 
2293,1128, adopts 
2295,1129, sends 
2297,1130, may threaten to pill out of 
2299,1131, get 
2301,1132, sworn in as  
2303,1133, shuts 
2305,1134, in 
2307,1135, defends 
2309,1136, defeat 
2311,1137, in 
2313,1138, calls 
2315,1139, retakes  of 
2318,1140, kidnapped off  of 
2321,1141, killed 
2323,1142, outside 
2325,1143, will reopen with 
2327,1144, infected with 
2329,1145, in 
2331,1146, occurs off 
2333,1147, on 
2335,1148, between 
2337,1149, sign 
2339,1150, makes  in 
2342,1151, announces 
2344,1152, facing 
2346,1153, in 
2348,1154, on 
2350,1155, in 
2352,1156, set up by 
2354,1157, beat defending  
2356,1158, beat 
2358,1159, has arrested 
2360,1160, targeting 
2362,1161, for 
2364,1162, slash 
2366,1163, ravage 
2368,1164, in 
2370,1165, declare 
2372,1166, seizes 
2374,1167, has resorted to 
2376,1168, threatens 
2378,1169, announces to reduce 
2380,1170, imposed 
2382,1171, refuses to resign after 
2384,1172, becomes first 
2386,1173, defeat 
2388,1174, shoot down 
2390,1175, carried out 
2392,1176, wins 
2394,1177, crack down on 
2396,1178, enforce 
2398,1179, will be banning 
2400,1180, has determined 
2402,1181, place 
2404,1182, have begun to feel 
2406,1183, terminates 
2408,1184, is allowed to prevent  of 
2411,1185, apprives 
2413,1186, implicated for 
2415,1187, winning 
2417,1188, for 
2419,1189, helped 
2421,1190, wins 
2423,1191, launch 
2425,1192, faces skeptical questioning from 
2427,1193, is still recovering from 
2429,1194, hit 
2431,1195, for 
2433,1196, announces 
2435,1197, rejecting 
2437,1198, in 
2439,1199, sworn in as 
2441,1200, kidnapped over 
2443,1201, hit 
2445,1202, declared as 
2447,1203, created 
2449,1204, in 
2451,1205, considering bidding for 
2453,1206, in 
2455,1207, studied 
2457,1208, in 
2459,1209, in 
2461,1210, sue 
2463,1211, as 
2465,1212, sworn in as 
2467,1213, will return to 
2469,1214, will press for 
2471,1215, endorses 
2473,1216, in 
2475,1217, recaptures 
2477,1218, situated to 
2479,1219, dies in 
2481,1220, and  cancels 
2484,1221, topped 
2486,1222, between 
2488,1223, in 
2491,1224, working at 
2493,1225, crossing 
2495,1226, releases 
2497,1227,NATo will hold 
2499,1228, recalls 
2501,1229, to 
2503,1230, condemns  of 
2506,1231, at 
2508,1232, arrested in 
2510,1233, seize 
2512,1234, known as 
2514,1235, with 
2516,1236, releases jailed 
2518,1237, resign from 
2520,1238, pledges to 
2522,1239, against 
2524,1240, in 
2526,1241, lanches 
2528,1242, taking 
2530,1243, killed in 
2532,1244, deploys 
2534,1245, by 
2536,1246, drown off  of 
2539,1247, plunges into 
2541,1248, reach 
2543,1249, tested 
2545,1250, in 
2547,1251, shot dead in 
2549,1252, in US state
2550,1253, in 
2552,1254, for 
2554,1255, wins 
2557,1256, wins 
2559,1257, claiming for 
2561,1258, in 
2563,1259, encourages 
2565,1260, occurs at 
2567,1261, occurs in 
2569,1262, would not be up for 
2571,1263, by 
2573,1264, dies at 
2575,1265, in 
2577,1266, with 
2579,1267, in 
2581,1268, resigns from 
2583,1269, sparking 
2585,1270, in 
2587,1271, wins 
2589,1272, win at 
2591,1273, attack 
2593,1274, reported in 
2595,1275, kills 
2597,1276, in 
2599,1277, affected by 
2601,1278, struggles with 
2603,1279, welcomes 
2605,1280, rare most being 
2607,1281, rescues in 
2609,1282, will not use 
2611,1283, detained by 
2613,1284, for 
2615,1285, to 
2617,1286, announces 
2619,1287, on 
2621,1288, atack 
2623,1289, in 
2625,1290, in 
2627,1291, Beheading 
2629,1292, generated by 
2631,1293, occurs in 
2633,1294, detonates 
2635,1295, accuses 
2637,1296, accuses 
2639,1297, between 
2641,1298, can help 
2643,1299, in 
2645,1300, have been charged with 
2647,1301, leaked about 
2649,1302, collided on 
2651,1303, shot 
2653,1304, accepting 
2655,1305, may be useful in treating 
2657,1306, announce 
2659,1307, is named as  of 
2662,1308, in 
2664,1309, linked to 
2666,1310, due to 
2668,1311, in 
2670,1312, according to 
2672,1313, declares  of 
2675,1314, in 
2677,1315, in 
2679,1316, causes 
2681,1317, on 
2683,1318, in 
2685,1319, arrested in 
2687,1320, protecting  of 
2690,1321, with 
2692,1322, in 
2694,1323, is leaving 
2696,1324, in  of 
2699,1325, in 
2701,1326, for 
2703,1327, kill 
2705,1328, wielding 
2707,1329, stolen from 
2709,1330, near 
2711,1331, collapses on 
2713,1332, deploys 
2715,1333, announces 
2717,1334, has sued 
2719,1335, appoints 
2721,1336, impose 
2723,1337,  dedicated to 
2726,1338, in 
2728,1339, held in 
2730,1340, rages in 
2732,1341, killed after 
2734,1342, during 
2736,1343, have been 
2738,1344, collapses in 
2740,1345, hits 
2742,1346, in 
2744,1347, on 
2746,1348, tried to launch 
2748,1349, informs 
2750,1350, is more dangerous than 
2752,1351, was known for describing  as 
2755,1352, in 
2757,1353, controlled by 
2759,1354, lags in 
2761,1355, rejects 
2763,1356, resigns in  of 
2766,1357, break up 
2768,1358, as 
2770,1359, against 
2772,1360, kill 
2774,1361, were kidnapped last night off 
2776,1362, hit 
2778,1363, have killed 
2780,1364, in 
2782,1365, approves 
2784,1366, near 
2786,1367, at 
2788,1368, rises to 
2790,1369, arrives on 
2792,1370, holds 
2794,1371, announces transfer 
2796,1372, threatened by 
2798,1373, torture 
2800,1374, cancels 
2802,1375, vowed to 
2804,1376, sworn in 
2806,1377, continues in  of 
2809,1378, from 
2811,1379, in 
2813,1380, collides at 
2815,1381, meet in 
2817,1382, intercepts 
2819,1383, pardons 
2821,1384, murdered in 
2823,1385, proposes 
2825,1386, against 
2827,1387, continue in  of 
2830,1388, against 
2832,1389, wanted to register as 
2834,1390, hit 
2836,1391, in 
2838,1392, being kidnapped in 
2840,1393, wins 
2842,1394, drop in 
2844,1395, ought to crack down 
2846,1396, postpone 
2848,1397, have been asked to leave 
2850,1398, kills 
2852,1399, drown in 
2854,1400, across 
2856,1401, in 
2858,1402, Amanda criticizes 
2860,1403, sending 
2862,1404, in 
2864,1405, defends 
2866,1406, fails to exceed 
2868,1407, against 
2870,1408, participate in 
2872,1409, reported in 
2874,1410, explodes 
2876,1411, following 
2878,1412, carried out by 
2880,1413, has risen to 
2882,1414, criticized after referring to Septembe 11 attacks
2884,1415, joined 
2886,1416, appealed to 
2888,1417, regarding 
2890,1418, in 
2892,1419, goes on trail
2894,1420, rules 
2896,1421, rejects 
2898,1422, against 
2900,1423, in 
2902,1424, apologizes for making 
2904,1425, announce  of 
2907,1426, on  of 
2910,1427, in 
2912,1428, in 
2914,1429, ends 
2916,1430, broke 
2918,1431, accuses 
2920,1432, agree in 
2922,1433, replace 
2924,1434, in 
2926,1435, near 
2928,1436, at 
2930,1437, to prevent 
2932,1438, proposes offering Ukraine visefree travel
2934,1439, reopens 
2936,1440, issues 
2938,1441, files 
2940,1442, against 
2942,1443, violates  of 
2945,1444,Australia and US should cut their ties
2947,1445, wins 
2949,1446, laid against 
2951,1447, exposed by 
2953,1448, burned 
2955,1449, introduced in 
2957,1450, blamed on 
2959,1451, quitting 
2961,1452, reneges on 
2963,1453, continue against 
2965,1454, crosses 
2967,1455, claims 
2969,1456, killed 
2971,1457, celebrates 
2973,1458, sought by 
2975,1459, operate for 
2977,1460, dies at 
2979,1461, reaches  with 
2982,1462, suspends 
2984,1463, in 
2986,1464, killed after 
2988,1465,Austalia and US should cut 
2990,1466, besieged by 
2992,1467, in 
2994,1468, alerts citizens to avoid 
2996,1469, in 
2998,1470, amid 
3000,1471, shot 
3002,1472, banning 
3004,1473, cancels 
3006,1474, reelected for 
3008,1475, cover 
3010,1476, lit outside of 
3013,1477, scheduled to play 
3015,1478, near 
3017,1479, killed 
3019,1480, kills 
3021,1481, killed 
3023,1482, in 
3025,1483, conducts 
3027,1484, vote to place 
3029,1485, announces withdraw 
3031,1486, has received 
3033,1487, derails near 
3035,1488, storing 
3037,1489, have been killed in 
3039,1490, of 
3041,1491, in 
3043,1492, remain in 
3045,1493, passes 
3047,1494, in 
3049,1495, in 
3051,1496, accuses 
3053,1497, accused of stalking 
3055,1498, murdered in 
3057,1499, have been killed in 
3059,1500, convicted 
3061,1501, imposing  on 
3064,1502, killing 
3066,1503, registered 
3068,1504, discover 
3070,1505, working on 
3072,1506, derived from 
3074,1507, discover  of 
3077,1508, at 
3079,1509, claims  of 
3082,1510, kill 
3084,1511, along with 
3086,1512, kill 
3088,1513, of 
3090,1514, commemorates  of 
3093,1515, of 
3095,1516, prepared for 
3097,1517, catches 
3099,1518, in 
3101,1519, have launched 
3103,1520, accuses 
3105,1521, between kurdish Asayish forces
3107,1522, ready to halt 
3109,1523, killed in 
3111,1524, in 
3113,1525, bows to 
3115,1526, traveling from 
3117,1527, endorse 
3119,1528, offered 
3121,1529, against proposed 
3123,1530, could not be considered credible under 
3125,1531, as 
3127,1532, across 
3129,1533, in 
3131,1534, kill 
3133,1535, fired by from 
3135,1536, deploys 
3137,1537, taking 
3139,1538, arrested in 
3141,1539, freed from 
3143,1540, expected to win as  
3146,1541, staved off 
3148,1542, held in 
3150,1543, elect 
3152,1544, demonstrate in 
3154,1545,Spains King Felipe VI announces an unprecedented repeat parliamentary election
3156,1546, killed in 
3158,1547, killed in 
3160,1548, will send 
3162,1549, in 
3164,1550, and  recapture 
3168,1551, kidnapped in 
3170,1552, by 
3172,1553, collapses into 
3174,1554, known as 
3176,1555, launches 
3178,1556, on 
3180,1557, have died in 
3182,1558, on 
3184,1559, reach  
3186,1560, urges 
3188,1561, killed over 
3190,1562, against 
3192,1563, has deported 
3194,1564, brought by 
3196,1565, oppositions proposed amendment to change 
3198,1566, of 
3200,1567, rejects 
3202,1568,win
3203,1569, stayed due to 
3205,1570, top seed in 
3207,1571, kills 
3209,1572, claims responsibilty
3211,1573, commemorates  of 
3214,1574, to build 
3216,1575, has used 
3218,1576, go on 
3220,1577, damages 
3222,1578, appears to be preparing 
3224,1579, failed to act on 
3226,1580, deploys 
3228,1581, on 
3230,1582, into 
3232,1583, since  
3234,1584, in 
3236,1585, of 
3238,1586, arrives in 
3240,1587, break out between  
3242,1588, for 
3244,1589, against 
3246,1590, gains  of 
3249,1591, announces an unprecendented repeat parliamentary election
3251,1592, off for 
3253,1593, plan to kidnap 
3255,1594, of 
3257,1595, kill two Palestinian assailant
3259,1596, from 
3261,1597, in 
3263,1598, warns 
3265,1599, in 
3267,1600, are testing 
3269,1601, sinks to become 
3271,1602, earthquakehit 
3273,1603, of 
3275,1604, will ask 
3277,1605, in 
3279,1606, passes 
3281,1607, will discuss 
3283,1608, expelled 
3285,1609, has killed 
3287,1610, of 
3289,1611, to 
3291,1612, sentenced to 
3293,1613, ban 
3295,1614, to 
3297,1615, capture  in 
3300,1616, protest  of 
3303,1617, will hold 
3305,1618, as 
3307,1619, suspended from 
3309,1620, replaced by 
3311,1621, agree on 
3313,1622, on 
3315,1623, denying 
3317,1624, of Misubishi
3319,1625, acquires 
3321,1626, close  in 
3324,1627, provide iodine pills
3325,1628, help revive failing 
3327,1629, will prevent 
3329,1630, votes to adopt 
3331,1631, in 
3333,1632, imposing 
3335,1633, rejects 
3337,1634, blacklists 
3339,1635, commemorates 
3341,1636, becomes 
3343,1637, sworn in with 
3345,1638, suspended by 
3347,1639, holds 
3349,1640, longest serving 
3351,1641, launches 
3353,1642, with 
3355,1643, will be providing 
3357,1644, grew by 
3359,1645, hits off 
3361,1646, carrying 
3363,1647, in 
3365,1648, between 
3367,1649, under 
3369,1650, in 
3371,1651, in 
3373,1652, commemorates 
3375,1653, for alleged spying
3376,1654, against 
3378,1655, having recently suffered a loss in 
3380,1656, for 
3382,1657, won 
3384,1658, erupt in 
3386,1659, against 
3388,1660, of 
3390,1661, in 
3392,1662, have hit 
3394,1663, hacked to 
3396,1664, of 
3398,1665, in 
3400,1666, rises to 
3402,1667, collapses in 
3404,1668, in 
3406,1669, under 
3408,1670, rescued by 
3410,1671, killed in 
3412,1672, denies 
3414,1673, on 
3416,1674, intercepted  
3418,1675, in 
3420,1676, face 
3422,1677, endorses 
3424,1678, accuse 
3426,1679, in 
3428,1680, hits 
3430,1681, by 
3432,1682, capture 
3434,1683, kill 
3436,1684, release 
3438,1685, of 
3440,1686, destroyed in 
3442,1687, searching for 
3444,1688, occured in 
3446,1689, sent from 
3448,1690, in 
3450,1691, worked for 
3452,1692, good for 
3454,1693, set for 
3456,1694, leave 
3458,1695, will default on 
3460,1696, arrest 
3462,1697, win 
3464,1698, kill 
3466,1699, will join 
3468,1700, in 
3470,1701, suffers 
3472,1702, have been raised as to 
3474,1703, calls 
3476,1704, found on 
3478,1705, arrive in 
3480,1706, in 
3482,1707, propose relaxing  for 
3485,1708, in 
3487,1709, had opposed since 
3489,1710, in 
3491,1711, in 
3493,1712, sets  alight in 
3496,1713, faces 
3498,1714, fai to meet a deadline to form 
3500,1715, orbiting 
3502,1716, hits 
3504,1717, killed 
3506,1718, scuttled in 
3508,1719, announced as  of 
3511,1720, continues to suffer amid 
3513,1721, destroyed by 
3515,1722, on 
3517,1723, suing  of 
3520,1724, from 
3522,1725, to 
3524,1726, sues 
3526,1727, smuggle 
3528,1728, for 
3530,1729, joined 
3532,1730, wins 
3534,1731, resigns as 
3536,1732, in 
3538,1733, threatens to behead 
3540,1734, between 
3542,1735, launch 
3544,1736, armed with 
3546,1737, with 
3548,1738, continues to fall for 
3550,1739, close after 
3552,1740, off 
3554,1741, for 
3556,1742, violates 
3558,1743, will withdraw  from 
3561,1744, suspends 
3563,1745, alloe public to access 
3565,1746, beat 
3567,1747, in 
3569,1748, shoot 
3571,1749, killed in 
3573,1750, fell 
3575,1751, plunges into 
3577,1752, fires warning at 
3579,1753, for obstructing 
3581,1754, agrees to pay 
3583,1755, finds  
3585,1756, attack 
3587,1757, announces 
3589,1758, to cast 
3591,1759, endorses 
3593,1760,  scheduled will moved from 
3596,1761, between 
3598,1762, on 
3600,1763, holds 
3602,1764, votes 
3604,1765, successfully put into 
3606,1766, dies after collapsing during 
3608,1767, in 
3610,1768, killed in 
3612,1769, convict 
3614,1770, have taken in 
3616,1771, for 
3618,1772, conclude with 
3620,1773, in 
3622,1774, dies in 
3624,1775, wins 
3626,1776, kill 
3628,1777, killed in  with 
3631,1778, shelling 
3633,1779, in 
3635,1780, missing in 
3637,1781, rules out  
3639,1782, hang 
3641,1783, shoot 
3643,1784, has called 
3645,1785, replaces 
3647,1786, targeting 
3649,1787, by 
3651,1788, kills 
3653,1789, go online at 
3655,1790, in 
3657,1791, in 
3659,1792, detained in 
3661,1793, with 
3663,1794, resigns after 
3665,1795, acting  of  of 
3669,1796, occurs visible from 
3671,1797, suspended by 
3673,1798, rescued in 
3675,1799, killed in 
3677,1800, blocks  
3680,1801, killed iin 
3682,1802, at 
3684,1803, being treated for 
3686,1804,a jury trail on 
3688,1805, continues to lead in 
3690,1806, rejects 
3692,1807, discovered by 
3694,1808, first player ever to receive 
3696,1809, play 
3698,1810, in 
3700,1811, raises 
3702,1812, dated at 
3704,1813, off 
3706,1814, executed for 
3708,1815, in 
3710,1816, at 
3712,1817, to annul 
3714,1818, are not optimistic about 
3716,1819, gives 
3718,1820, in 
3720,1821, kill 
3722,1822, at 
3724,1823, for 
3726,1824, in 
3728,1825, of 
3730,1826, threatens 
3732,1827, launched by 
3734,1828, against 
3736,1829, decertify  of 
3739,1830, found living in 
3741,1831, in 
3743,1832, killed outside 
3745,1833, in 
3747,1834, near 
3749,1835, breaks out at 
3751,1836, being in 
3753,1837, threatens to neutrallize 
3755,1838, by 
3757,1839, advise 
3759,1840, assumes 
3761,1841, declares  of 
3764,1842, appointed as  of 
3767,1843, on 
3769,1844, killed by 
3771,1845, attack 
3773,1846, wins 
3775,1847, in 
3777,1848, on 
3779,1849, hacked to 
3781,1850, breaks out in 
3783,1851, in 
3785,1852, wins 
3787,1853, defeats 
3789,1854, in 
3791,1855, kills 
3793,1856, collides with 
3795,1857, vows to reintroduce 
3797,1858, led to arrest of 
3799,1859, in 
3801,1860, win 
3803,1861, evacuated from 
3805,1862, written by 
3807,1863, announces to buy 
3809,1864,a popular tourisr resort in 
3811,1865, targeting Clan Asuga gang
3813,1866, in 
3815,1867, proposed  of 
3818,1868, in 
3820,1869, targeting 
3822,1870, in 
3824,1871, around Dort McMurray
3826,1872, detecting 
3828,1873, detained in 
3830,1874, passes 
3832,1875, kill 
3834,1876, fired 
3836,1877, in 
3838,1878,imporper fuel economy tests for 
3840,1879,Mark Zuckeberg CEO met with 
3842,1880, triggered in 
3844,1881, hits 
3846,1882, on 
3848,1883, featuring 
3850,1884, convicted of murdering 
3852,1885, in 
3854,1886, between Jaysh allslam and rival factions
3856,1887, in 
3858,1888, in 
3860,1889,  sold for  
3864,1890, merge with  and 
3867,1891, held 
3869,1892,Egypt Flight 804 between 
3871,1893, during 
3873,1894,a speedy trail does not guarantee 
3875,1895, resigns from 
3877,1896,Montenegro sign 
3879,1897, helped by 
3881,1898, expresses 
3883,1899, suspends  in 
3886,1900,  flee  
3889,1901, of  have been found in 
3892,1902, soar to 
3894,1903, killed in 
3896,1904, in 
3898,1905, infected with 
3900,1906, condemns 
3902,1907, meeting at 
3904,1908, to impeach 
3906,1909, approves extraadition of 
3909,1910, shoots 
3911,1911, sworn in as  of 
3914,1912, announces his resignation
3915,1913, passes 
3917,1914, in 
3919,1915, hacked to death in 
3921,1916, killed in 
3923,1917, in 
3925,1918, in 
3927,1919, in 
3929,1920, rejects 
3931,1921, is doubling 
3933,1922, stormed 
3935,1923, detain  of 
3938,1924, holds 
3940,1925, dead in 
3942,1926, in 
3944,1927, wins 
3946,1928, beat 
3948,1929, for 
3950,1930,six Indian paramilitary soliders in 
3952,1931, to recapture 
3954,1932, directed by 
3956,1933, in 
3958,1934, in 
3960,1935, threatens to cut off 
3962,1936, kills 
3964,1937, killed in 
3966,1938, of 
3968,1939,The only leagal party in 
3970,1940, in Tajiskistan 
3972,1941, will have 
3974,1942,car bombs and suicide attacks in 
3976,1943, in 
3978,1944, Breaking 
3980,1945, killed in 
3982,1946, in 
3984,1947, makes 
3986,1948, at 
3988,1949, near 
3990,1950, ends 
3992,1951, opens in 
3994,1952, meets with 
3996,1953, lead to  of 
3999,1954, investigated by 
4001,1955, results in  of terms limits
4004,1956, apppointed  of 
4007,1957, elected  of 
4010,1958, in 
4012,1959, wins 
4014,1960, launched Vehicle demostrator mission RLVTD NASA Spacefight
4016,1961, with 
4018,1962, in 
4020,1963, led by Kurdish forces
4021,1964, killed in 
4023,1965, rejects 
4025,1966, collapses in 
4027,1967, caused by 
4029,1968, begin 
4031,1969, on 
4033,1970, in central Paris
4034,1971, against 
4036,1972, affiliated with 
4038,1973, elects Ahmed Jannati
4040,1974, approves his ally Binali YAldrAm
4042,1975, died recently in drone strike
4044,1976, agrees to 
4046,1977, die in 
4048,1978, with 
4050,1979, criticized by 
4052,1980, defeat 
4054,1981, and  recapture 
4057,1982, announce  of 
4060,1983, in 
4062,1984, in 
4064,1985, drown in 
4066,1986, resistant to colistin 
4068,1987, criticizes 
4070,1988, plans to import arms
4071,1989, for 
4073,1990, punishable by 
4075,1991, against 
4077,1992, brought against 
4079,1993, punishes 
4081,1994, dound to have attacked 
4083,1995, led by 
4085,1996, secured enough delegates to secure 
4087,1997, defeat 
4089,1998, killed including 
4091,1999, in  
